"ID (REG-[DOC]-[NNN])","Documento/Norma","Subtema (Matriz)","Artigo/Seção/Item","Página/Artigo Nº","Contexto","Texto Literal do Dispositivo","Marcador","Tipo","Criticidade","Aplica-se a","Status Revisão","Observações"
"REG-L12865-001","Lei nº 12.865/2013","B1","Art. 6º, III","6","Define credenciador como tipo de IP no marco legal","Art. 6º, III: credenciador - pessoa jurídica que, por meio de instrumento contratual, habilita recebedores para a aceitação de instrumento de pagamento","considera-se","Obrigação regulatória","Crítica","Credenciador","","Definição legal de credenciador — base para as obrigações aplicáveis"
"REG-L12865-002","Lei nº 12.865/2013","B1","Art. 7º","7","Princípios que os arranjos de pagamento e IPs devem observar","Os arranjos de pagamento e as instituições de pagamento observarão os seguintes princípios: I - interoperabilidade; II - solidez e eficiência dos arranjos de pagamento; III - transparência; IV - acesso aberto; V - não discriminação no acesso a competidores","observarão","Obrigação regulatória","Crítica","Ambos","","Princípios fundamentais — aplicável ao iFood Pago como credenciador e IP"
"REG-L12865-003","Lei nº 12.865/2013","B1","Art. 9º, IV-V","9","Competência do BCB para autorizar IPs e credenciadores","Art. 9º: Compete ao Banco Central do Brasil: IV - autorizar a constituição, o funcionamento, a transferência de controle e outros atos relativos às instituições de pagamento; V - autorizar constituição, funcionamento, transferência de controle societário e cancelamento de autorização","compete ao BCB autorizar","Obrigação regulatória","Crítica","Credenciador","","Credenciador deve obter autorização do BCB para funcionar — requisito de entrada"
"REG-L12865-004","Lei nº 12.865/2013","B1","Art. 10","10","Responsabilidade de IPs por atos de terceiros contratados","O Banco Central do Brasil poderá estabelecer requisitos para a terceirização de atividades conexas. O instituidor do arranjo de pagamento e a instituição de pagamento respondem administrativamente pela atuação dos terceiros que contratarem","respondem administrativamente","Obrigação regulatória","Alta","Credenciador","","Credenciador responde pelos terceiros contratados — responsabilidade por subcredenciadores"
"REG-L12865-005","Lei nº 12.865/2013","B1","Art. 11","11","Penalidades por infrações às normas de arranjos de pagamento","As infrações a esta Lei e às diretrizes e normas estabelecidas pelo CMN e pelo BCB sujeitam a instituição de pagamento, bem como seus administradores e os membros de seus órgãos estatutários ou contratuais, às penalidades previstas na legislação aplicável às instituições financeiras","sujeitam","Sanção","Crítica","Ambos","","Penalidades equiparadas às IFs — alta exposição regulatória para administradores"
"REG-L12865-006","Lei nº 12.865/2013","B6","Art. 12","12","Patrimônio separado dos recursos mantidos em contas de pagamento","Os recursos mantidos em contas de pagamento: I - constituem patrimônio separado, que não se confunde com o da instituição de pagamento; II - não respondem por nenhuma obrigação da instituição de pagamento; III - não compõem o ativo da instituição de pagamento para efeito de falência","constituem patrimônio separado","Obrigação regulatória","Crítica","Ambos","","Segregação de recursos dos usuários — obrigação estrutural de IP"
"REG-L12865-007","Lei nº 12.865/2013","B6","Art. 12-A","12-A","Recursos destinados à liquidação — patrimônio separado","Os recursos recebidos pelos participantes do arranjo de pagamento destinados à liquidação das transações de pagamento: I - não se comunicam com os demais bens e direitos do participante; II - só respondem pelo cumprimento de obrigações de liquidação","não se comunicam","Obrigação regulatória","Crítica","Credenciador","","Aplicável ao credenciador — recursos de liquidação devem ser segregados"
"REG-L12865-008","Lei nº 12.865/2013","B1","Art. 13","13","Sujeição das IPs ao regime especial de intervenção e liquidação","As instituições de pagamento sujeitam-se ao regime de administração especial temporária, à intervenção e à liquidação extrajudicial, nas condições e forma previstas na legislação aplicável às instituições financeiras","sujeitam-se","Obrigação regulatória","Alta","Ambos","","IPs sujeitas a intervenção e liquidação extrajudicial como IFs"
"REG-L12865-009","Lei nº 12.865/2013","B2","Art. 12-C","12-C","Bens e direitos alocados em garantia à liquidação — patrimônio separado","Os bens e os direitos alocados pelos instituidores e pelos participantes de arranjos de pagamento para garantir a liquidação das transações de pagamento: I - constituem patrimônio separado; II - não podem ser objeto de arresto, de sequestro ou de qualquer outro ato de constrição judicial","constituem patrimônio separado","Obrigação regulatória","Alta","Credenciador","","Garantias de liquidação — segregadas e indisponíveis para execução judicial"
"REG-Rbcb150-001","Resolução BCB nº 150/2021","B2","Art. 2º","2","Autorização específica na modalidade credenciador para funcionamento","As instituições de pagamento dependem de autorização do Banco Central do Brasil para funcionar, podendo ser autorizadas nas modalidades: emissor de moeda eletrônica, emissor pós-pago, credenciador e iniciador de transação de pagamento","dependem de autorização","Obrigação regulatória","Crítica","Credenciador","","Autorização BCB — modalidade credenciador é categoria específica com requisitos próprios"
"REG-Rbcb150-002","Resolução BCB nº 150/2021","B2","Art. 4º","4","Requisitos para instrução do pedido de autorização de IP","O pedido de autorização para funcionamento de instituição de pagamento deve ser instruído com: I - ato constitutivo; II - documentos dos administradores; III - plano de negócios; IV - estrutura de gerenciamento de riscos; V - mecanismos de prevenção à lavagem de dinheiro","deve ser instruído","Obrigação regulatória","Crítica","Credenciador","","Requisitos de instrução do pedido de autorização BCB — transição subcredenciador→credenciador"
"REG-Rbcb150-003","Resolução BCB nº 150/2021","B9","Art. 6º","6","Estrutura de governança compatível com porte e complexidade","As instituições de pagamento devem manter estrutura de governança compatível com a natureza, porte e complexidade das operações, incluindo conselho de administração ou órgão equivalente, auditoria interna e compliance","devem manter","Obrigação regulatória","Alta","Credenciador","","Governança corporativa formal — obrigação estrutural do credenciador"
"REG-Rbcb150-004","Resolução BCB nº 150/2021","B6","Art. 8º","8","Capital mínimo e PL compatíveis com perfil de risco","As instituições de pagamento devem manter capital mínimo e patrimônio líquido compatíveis com o perfil de risco das operações, conforme limites estabelecidos pelo Banco Central do Brasil","devem manter","Obrigação regulatória","Crítica","Credenciador","","PL mínimo — crítico para planejamento financeiro do iFood Pago SCD e IP"
"REG-Rbcb150-005","Resolução BCB nº 150/2021","B8","Art. 12","12","Remessa de informações e documentos ao BCB nas condições e prazos definidos","As instituições de pagamento devem remeter ao Banco Central do Brasil as informações e documentos nas condições, prazos e formatos por ele estabelecidos, incluindo operações, clientes, riscos e situação econômico-financeira","devem remeter","Obrigação regulatória","Alta","Credenciador","","Reporte regulatório — ver CADOC Doc. 6334 para credenciadores"
"REG-Rbcb150-006","Resolução BCB nº 150/2021","B7","Art. 14","14","Informações sobre recebíveis ao estabelecimento comercial","O credenciador deve fornecer ao estabelecimento comercial informações sobre os recebíveis originados das transações de pagamento, na forma e prazo estabelecidos pelo Banco Central do Brasil","deve fornecer","Obrigação regulatória","Alta","Credenciador","","Agenda de recebíveis — obrigação específica de credenciador"
"REG-Rbcb150-007","Resolução BCB nº 150/2021","B9","Art. 16","16","Gerenciamento de riscos operacionais e plano de continuidade","As instituições de pagamento devem implementar e manter estrutura de gerenciamento de risco operacional compatível com as atividades, incluindo planos de continuidade de negócios e gestão de incidentes","devem implementar e manter","Obrigação regulatória","Alta","Credenciador","","Gestão de risco operacional — estrutura formal obrigatória"
"REG-CBCB3682-001","Circular BCB nº 3.682/2013","B1","Art. 1º","1","Regulamentação de arranjos de pagamento no SPB","Esta Circular estabelece condições para que os arranjos de pagamento passem a integrar o Sistema de Pagamentos Brasileiro (SPB), nos termos da Lei nº 12.865, de 2013","estabelece condições","Obrigação regulatória","Alta","Credenciador","","Base regulamentar para credenciadores operarem no SPB"
"REG-CBCB3682-002","Circular BCB nº 3.682/2013","B2","Art. 2º","2","Registro obrigatório de arranjos de pagamento no BCB","Os arranjos de pagamento integrantes do SPB devem ser registrados no Banco Central do Brasil, mediante solicitação do instituidor, que deve apresentar regulamento do arranjo e demais informações exigidas","devem ser registrados","Obrigação regulatória","Alta","Credenciador","","Registro de arranjos de pagamento — credenciador deve aderir a arranjos registrados"
"REG-CBCB3682-003","Circular BCB nº 3.682/2013","B1","Art. 4º","4","Requisitos mínimos do regulamento do arranjo ao qual o credenciador adere","O regulamento do arranjo de pagamento deve conter: I - regras de participação; II - direitos e obrigações dos participantes; III - regras sobre tarifas; IV - mecanismos de segurança; V - regras de resolução de disputas","deve conter","Obrigação regulatória","Alta","Credenciador","⚠️ Verificar","Verificar regulamento do arranjo ao qual o iFood Pago adere — compliance com todas as regras"
"REG-CBCB3682-004","Circular BCB nº 3.682/2013","A13","Art. 6º","6","Compliance do credenciador com o regulamento do arranjo","O instituidor de arranjo de pagamento é responsável por assegurar que os participantes do arranjo cumpram as normas e o regulamento do arranjo, adotando medidas corretivas em caso de descumprimento. O credenciador deve cumprir o regulamento do arranjo ao qual adere","deve cumprir","Obrigação regulatória","Alta","Credenciador","","Credenciador deve aderir e cumprir o regulamento do arranjo integralmente"
"REG-CBCB3682-005","Circular BCB nº 3.682/2013","B2","Art. 8º","8","Dois requisitos cumulativos para credenciar no SPB: autorização BCB + adesão ao arranjo","O credenciador que pretenda participar de arranjo de pagamento integrante do SPB deve ser autorizado pelo Banco Central do Brasil e aderir formalmente ao regulamento do arranjo, celebrando contrato com o instituidor","deve ser autorizado e aderir formalmente","Obrigação regulatória","Crítica","Credenciador","","Autorização BCB + contrato com bandeira — condições cumulativas obrigatórias"
"REG-CBCB3682-006","Circular BCB nº 3.682/2013","B8","Art. 10","10","Obrigação de reporte de operações ao BCB pelos participantes do arranjo","Os participantes de arranjos de pagamento integrantes do SPB devem remeter ao Banco Central do Brasil as informações sobre as operações realizadas, nas condições, prazos e formatos estabelecidos pelo BCB","devem remeter","Prazo","Alta","Credenciador","","Reporte obrigatório — base regulamentar do CADOC 6334"
"REG-CBCB3978-001","Circular BCB nº 3.978/2020 — PLD/FT","B3","Art. 1º","1","Aplicação das regras PLD/FT às IPs autorizadas pelo BCB","Esta Circular estabelece os procedimentos a serem adotados pelas instituições financeiras e demais instituições autorizadas a funcionar pelo BCB na prevenção à lavagem de dinheiro e ao financiamento do terrorismo (PLD/FT)","estabelece os procedimentos","Obrigação regulatória","Crítica","Credenciador","","Credenciadores como IPs autorizadas pelo BCB estão plenamente sujeitos à PLD/FT"
"REG-CBCB3978-002","Circular BCB nº 3.978/2020 — PLD/FT","B3","Art. 2º","2","Política PLD/FT documentada e aprovada pelos administradores","As instituições autorizadas devem manter: I - política de prevenção à lavagem de dinheiro e ao financiamento do terrorismo, aprovada pelos seus administradores; II - estrutura de governança que assegure o efetivo cumprimento da política","devem manter","Obrigação regulatória","Crítica","Credenciador","","Política PLD/FT aprovada pela diretoria — obrigação mandatória"
"REG-CBCB3978-003","Circular BCB nº 3.978/2020 — PLD/FT","B3","Art. 3º","3","KYC de estabelecimentos comerciais — coleta e atualização cadastral","As instituições autorizadas devem coletar e manter atualizadas informações cadastrais de seus clientes, incluindo identificação, qualificação, situação financeira e origem dos recursos, verificando essas informações com base em documentos e dados confiáveis de fontes independentes","devem coletar e manter atualizadas","Obrigação regulatória","Crítica","Credenciador","","KYC de merchants — credenciador deve manter cadastro atualizado de estabelecimentos"
"REG-CBCB3978-004","Circular BCB nº 3.978/2020 — PLD/FT","B3","Art. 4º","4","Diligência ordinária e reforçada conforme perfil de risco do cliente","As instituições autorizadas devem adotar procedimentos de diligência ordinária ou reforçada conforme o perfil de risco do cliente, aplicando diligência reforçada a clientes de maior risco, PEPs e operações em países de risco aumentado","devem adotar","Obrigação regulatória","Crítica","Credenciador","","Diligência reforçada para merchants de alto risco e PEPs — regra fundamental de KYC"
"REG-CBCB3978-005","Circular BCB nº 3.978/2020 — PLD/FT","B3","Art. 5º","5","Controles específicos para pessoas politicamente expostas (PEPs)","As instituições autorizadas devem adotar em relação a PEPs: I - identificação e verificação; II - aprovação por administrador sênior; III - compreensão da origem dos recursos; IV - monitoramento reforçado e contínuo","devem adotar","Obrigação regulatória","Crítica","Credenciador","","PEPs como estabelecimentos — aprovação gerencial e monitoramento intensificado obrigatórios"
"REG-CBCB3978-006","Circular BCB nº 3.978/2020 — PLD/FT","B3","Art. 6º","6","Monitoramento contínuo de transações para identificar operações suspeitas","As instituições autorizadas devem manter estrutura de monitoramento e análise destinada a identificar operações ou situações suspeitas de lavagem de dinheiro ou financiamento do terrorismo, com base em perfil transacional e padrões de comportamento","devem manter","Obrigação regulatória","Crítica","Credenciador","","Monitoramento de transações — base para sistema antifraude e PLD/FT do credenciador"
"REG-CBCB3978-007","Circular BCB nº 3.978/2020 — PLD/FT","B3","Art. 7º","7","Comunicação de operações suspeitas ao COAF — prazo máximo de 24 horas","As instituições autorizadas devem comunicar ao COAF as operações suspeitas identificadas, no prazo máximo de 24 horas da detecção, nas condições e forma estabelecidas pelo COAF","devem comunicar ao COAF; prazo máximo de 24 horas","Prazo","Crítica","Credenciador","","Prazo de 24h para comunicação ao COAF — processo crítico de compliance regulatório"
"REG-CBCB3978-008","Circular BCB nº 3.978/2020 — PLD/FT","B3","Art. 8º","8","Vedação de relacionamento com shell companies e jurisdições sancionadas","É vedado às instituições autorizadas manter relação de negócio com empresas de fachada (shell companies), entidades sem transparência de beneficiário final e clientes de países ou jurisdições com deficiências estratégicas de PLD/FT identificadas pelo GAFI","é vedado","Proibição","Crítica","Credenciador","","Due diligence de beneficiário final obrigatória — bloqueio de merchants suspeitos"
"REG-CBCB3978-009","Circular BCB nº 3.978/2020 — PLD/FT","B3","Art. 9º","9","Identificação e atualização do beneficiário final de pessoas jurídicas","As instituições autorizadas devem identificar e manter atualizado o cadastro do beneficiário final de pessoas jurídicas clientes — a pessoa natural que, em última instância, as controla ou em nome de quem uma transação é conduzida","devem identificar e manter","Obrigação regulatória","Crítica","Credenciador","","Beneficiário final de merchants PJ — KYC reforçado no onboarding"
"REG-CBCB3978-010","Circular BCB nº 3.978/2020 — PLD/FT","B3","Art. 11","11","Programa periódico de treinamento e capacitação em PLD/FT","As instituições autorizadas devem implementar programas de treinamento e capacitação em PLD/FT, de caráter periódico, para todos os funcionários, de acordo com as funções e responsabilidades de cada um","devem implementar","Obrigação regulatória","Alta","Credenciador","","Treinamento PLD/FT — programa formal e periódico obrigatório para toda a equipe"
"REG-CBCB3978-011","Circular BCB nº 3.978/2020 — PLD/FT","B3","Art. 12","12","Retenção de registros de operações e dados de clientes por 5 anos","As instituições autorizadas devem manter registros de todas as operações realizadas, bem como dos documentos e informações obtidos na identificação de clientes, pelo prazo mínimo de 5 anos","devem manter registros; prazo mínimo de 5 anos","Prazo","Crítica","Credenciador","","5 anos de retenção — inclui dados de estabelecimentos e transações"
"REG-CBCB3978-012","Circular BCB nº 3.978/2020 — PLD/FT","B3","Art. 14","14","Avaliação interna de risco PLD/FT por produtos, clientes, canais e jurisdições","As instituições autorizadas devem realizar avaliação interna de risco, identificando e classificando os riscos de lavagem de dinheiro e financiamento do terrorismo inerentes às suas atividades, considerando produtos, serviços, clientes, canais e jurisdições","devem realizar","Obrigação regulatória","Crítica","Credenciador","","Risk assessment PLD/FT — deve cobrir Pix, cartões, BNPL, BaaS e restaurantes"
"REG-CBCB3978-013","Circular BCB nº 3.978/2020 — PLD/FT","B3","Art. 15","15","Indicação de diretor responsável pela PLD/FT (MLRO)","As instituições autorizadas devem indicar diretor responsável pela execução da política e pelo cumprimento das obrigações previstas nesta Circular, admitida a cumulação com outras funções","devem indicar","Obrigação regulatória","Alta","Credenciador","","Diretor MLRO — registro e indicação formal ao BCB obrigatórios"
"REG-CBCB3978-014","Circular BCB nº 3.978/2020 — PLD/FT","B3","Art. 16","16","Relatório anual de efetividade do programa PLD/FT para administradores","O diretor responsável deve apresentar aos administradores seniores, ao menos anualmente, relatório sobre a efetividade do programa de PLD/FT, avaliando a adequação das políticas, procedimentos e controles implementados","deve apresentar; ao menos anualmente","Prazo","Alta","Credenciador","","Relatório anual PLD/FT para Board — ciclo de governança de compliance"
"REG-Rbcb344-001","Resolução BCB nº 344/2024","B1","Art. 1º","1","Atualização das condições regulatórias para IPs em 2024","Esta Resolução altera e complementa as regras aplicáveis às instituições de pagamento, quanto à autorização para funcionamento, requisitos de capital, governança e reporte ao Banco Central do Brasil","altera e complementa","Obrigação regulatória","Alta","Credenciador","⚠️ Verificar","Normativo de 2024 — verificar impacto na autorização e PL do iFood Pago"
"REG-Rbcb344-002","Resolução BCB nº 344/2024","B6","Art. 3º","3","Requisitos atualizados de capital e PL para credenciadores baseados em risco","As instituições de pagamento na modalidade credenciador devem manter patrimônio líquido mínimo calculado com base no volume de operações processadas e nos riscos assumidos, conforme metodologia definida pelo Banco Central do Brasil","devem manter","Obrigação regulatória","Crítica","Credenciador","","PL mínimo atualizado em 2024 — impacto no planejamento financeiro do iFood Pago"
"REG-Rbcb344-003","Resolução BCB nº 344/2024","B9","Art. 5º","5","Gerenciamento de riscos e controles internos atualizados","As instituições de pagamento devem implementar estrutura de gerenciamento de riscos e controles internos compatível com seu perfil de risco, adotando mecanismos de avaliação e monitoramento contínuos","devem implementar","Obrigação regulatória","Alta","Credenciador","","Governança atualizada pela Resolução 344/2024"
"REG-Rbcb344-004","Resolução BCB nº 344/2024","B1","Art. 7º","7","Prazo de adequação às novas exigências regulatórias","As instituições de pagamento já autorizadas devem adaptar-se às novas exigências desta Resolução no prazo estabelecido pelo Banco Central do Brasil, de no mínimo 12 meses","devem adaptar-se; prazo mínimo de 12 meses","Prazo","Alta","Credenciador","⚠️ Verificar","Prazo de adequação — relevante para a transição subcredenciador→credenciador"
"REG-Rbcb80-001","Resolução BCB nº 80/2021","B6","Art. 1º","1","Requisitos prudenciais aplicáveis às IPs — capital e alavancagem","Esta Resolução estabelece os requisitos prudenciais aplicáveis às instituições de pagamento, incluindo limites de capital, alavancagem e concentração de riscos","estabelece os requisitos prudenciais","Obrigação regulatória","Crítica","Credenciador","","Regulação prudencial — base para PL e requisitos de capital do credenciador"
"REG-Rbcb80-002","Resolução BCB nº 80/2021","B6","Art. 3º","3","Capital mínimo absoluto para credenciador — R$ 1 milhão","As instituições de pagamento na modalidade credenciador devem manter capital mínimo de R$ 1.000.000,00 (um milhão de reais), sem prejuízo dos demais requisitos de capital baseados no perfil de risco","devem manter capital mínimo","Obrigação regulatória","Crítica","Credenciador","⚠️ Verificar","Capital mínimo absoluto — confirmar valor atual com BCB e calcular PRE específico do iFood Pago"
"REG-Rbcb80-003","Resolução BCB nº 80/2021","B6","Art. 5º","5","Patrimônio de Referência (PR) deve ser igual ou superior ao Exigido (PRE)","As instituições de pagamento devem manter Patrimônio de Referência (PR) igual ou superior ao Patrimônio de Referência Exigido (PRE), calculado com base nos ativos ponderados pelos riscos de crédito, operacional e de mercado","devem manter PR igual ou superior ao PRE","Obrigação regulatória","Crítica","Credenciador","","PRE vs PR — metodologia de capital baseada em risco"
"REG-Rbcb80-004","Resolução BCB nº 80/2021","B9","Art. 8º","8","Estrutura mínima de gerenciamento de riscos de crédito, operacional, mercado e liquidez","As instituições de pagamento devem implementar estrutura de gerenciamento dos riscos de crédito, operacional, de mercado e de liquidez, compatível com a natureza, complexidade e perfil de risco de suas atividades","devem implementar","Obrigação regulatória","Alta","Credenciador","","Gestão de riscos estruturada — os 4 riscos prudenciais"
"REG-Rbcb80-005","Resolução BCB nº 80/2021","B6","Art. 10","10","Limites de concentração de riscos — exposição máxima","As instituições de pagamento devem estabelecer e monitorar limites de exposição a risco de crédito, operacional e de mercado, evitando concentrações que possam ameaçar sua solidez","devem estabelecer e monitorar","Obrigação regulatória","Alta","Credenciador","","Gestão de concentração — relevante para portfólio de estabelecimentos do iFood Pago"
"REG-Rbcb80-006","Resolução BCB nº 80/2021","B9","Art. 12","12","Auditoria interna independente das áreas operacionais","As instituições de pagamento devem manter estrutura de auditoria interna, independente das áreas operacionais, com acesso irrestrito às informações necessárias para avaliação dos controles internos","devem manter","Obrigação regulatória","Alta","Credenciador","","Auditoria interna independente — obrigação de governança"
"REG-RCMN4893-001","Resolução CMN nº 4.893/2021","B10","Art. 2º","2","Política de segurança cibernética documentada e aprovada pelo Board","As instituições autorizadas devem implementar e manter política de segurança cibernética formulada com base em princípios e diretrizes que norteiem os programas de segurança cibernética, aprovada pelo conselho de administração ou, na ausência deste, pela diretoria","devem implementar e manter","Obrigação regulatória","Crítica","Credenciador","","Política ciber aprovada pelo Board — documento formal obrigatório"
"REG-RCMN4893-002","Resolução CMN nº 4.893/2021","B5","Art. 3º","3","Conteúdo mínimo obrigatório da política de segurança cibernética","A política de segurança cibernética deve abranger, no mínimo: I - objetivos de segurança; II - procedimentos e controles adotados; III - controles de acesso à informação; IV - registro, análise e controle de incidentes; V - iniciativas para disseminação da cultura de segurança","deve abranger no mínimo","Requisito técnico","Crítica","Credenciador","","Conteúdo mínimo da política — gap analysis com política atual do iFood Pago"
"REG-RCMN4893-003","Resolução CMN nº 4.893/2021","B10","Art. 4º","4","Plano de ação e resposta a incidentes de segurança cibernética (IRP)","As instituições autorizadas devem elaborar e implementar plano de ação e de resposta a incidentes de segurança cibernética, com iniciativas para adequação da estrutura, dos procedimentos e dos controles","devem elaborar e implementar","Obrigação regulatória","Crítica","Credenciador","","IRP (Incident Response Plan) — aprovação formal da diretoria obrigatória"
"REG-RCMN4893-004","Resolução CMN nº 4.893/2021","B10","Art. 5º","5","Testes periódicos de segurança cibernética (pentest, simulações, VA)","As instituições autorizadas devem realizar testes periódicos de segurança cibernética, incluindo testes de penetração (pentest), simulações de ataques e avaliações de vulnerabilidades, com frequência compatível com a natureza das atividades","devem realizar testes periódicos","Obrigação regulatória","Alta","Credenciador","","Pentest e VA — frequência definida internamente com base em avaliação de risco"
"REG-RCMN4893-005","Resolução CMN nº 4.893/2021","B5","Art. 6º","6","Comunicação de incidentes cibernéticos relevantes ao Banco Central","As instituições autorizadas devem comunicar ao Banco Central do Brasil incidentes relevantes de segurança cibernética, conforme critérios e prazos estabelecidos pelo BCB","devem comunicar ao BCB","Prazo","Crítica","Credenciador","","Notificação de incidente ciber ao BCB — verificar prazo vigente"
"REG-RCMN4893-006","Resolução CMN nº 4.893/2021","B5","Art. 7º","7","Requisitos contratuais para contratação de serviços em nuvem","As instituições autorizadas devem, ao contratar serviços de nuvem, assegurar: I - acesso ao BCB para fiscalização; II - localização dos dados no Brasil ou em países com legislação equivalente; III - garantia de continuidade dos serviços; IV - plano de saída","devem assegurar","Requisito técnico","Alta","Credenciador","","Cloud compliance — requisitos contratuais para AWS, GCP, Azure e outros provedores"
"REG-RCMN4893-007","Resolução CMN nº 4.893/2021","B10","Art. 8º","8","Relatório anual com resultados de testes de penetração e análises de vulnerabilidade","As instituições autorizadas devem elaborar relatório anual com os resultados de testes de penetração e análises de vulnerabilidade, medidas adotadas para correção de falhas e avaliação da efetividade dos controles","devem elaborar; anualmente","Prazo","Alta","Credenciador","","Relatório anual de ciber — ciclo anual de governança"
"REG-RCMN4893-008","Resolução CMN nº 4.893/2021","B10","Art. 11","11","Responsabilidade da diretoria — designação de diretor CISO","A diretoria das instituições autorizadas é responsável por garantir a implementação da política de segurança cibernética, devendo designar diretor responsável pela área de segurança cibernética","é responsável; devendo designar","Obrigação regulatória","Alta","Credenciador","","CISO formal — responsabilidade da diretoria pela política ciber"
"REG-RCMN4893-009","Resolução CMN nº 4.893/2021","B10","Art. 12","12","Continuidade de negócios e plano de recuperação de desastres","As instituições autorizadas devem manter plano de continuidade de negócios e de recuperação de desastres, com testes periódicos, abrangendo os cenários de maior risco para as atividades críticas","devem manter","Obrigação regulatória","Alta","Credenciador","","BCP/DRP — obrigação formal com testes periódicos documentados"
"REG-Rbcb01-001","Resolução BCB nº 1/2020 — Open Finance","B1","Art. 3º","3","Participação facultativa de IPs no Open Finance — iFood Pago optou por participar","As instituições participantes do Open Finance se classificam em: I - participantes obrigatórios: IFs de grande porte; II - participantes facultativos: demais instituições autorizadas pelo BCB, incluindo instituições de pagamento","classificam-se","Obrigação regulatória","Alta","Credenciador","","iFood Pago é participante facultativo — assumiu compromisso de participação"
"REG-Rbcb01-002","Resolução BCB nº 1/2020 — Open Finance","B9","Art. 5º","5","Requisitos técnicos e de segurança para participação no Open Finance","As instituições participantes do Open Finance devem implementar mecanismos de autenticação segura (FAPI), consentimento do usuário, rastreabilidade de acessos e resposta a incidentes, em conformidade com padrões técnicos do BCB e do diretório do Open Finance Brasil","devem implementar","Requisito técnico","Alta","Credenciador","","Padrões FAPI + consentimento — obrigações como IP participante do Open Finance"
"REG-Rbcb01-003","Resolução BCB nº 1/2020 — Open Finance","B1","Art. 7º","7","Obrigações do ITP: autorização BCB, consentimento por transação, não armazenamento","O iniciador de transação de pagamento deve: I - ser autorizado pelo BCB; II - obter consentimento do usuário para cada transação; III - não armazenar dados de pagamento além do necessário; IV - garantir autenticidade e integridade das mensagens","deve","Obrigação regulatória","Alta","Credenciador","","Papel ITP do iFood Pago — requisitos específicos para iniciação de pagamentos"
"REG-Rbcb01-004","Resolução BCB nº 1/2020 — Open Finance","B9","Art. 9º","9","Gerenciamento de consentimento — visualização e revogação pelo titular","As instituições participantes devem garantir ao usuário a possibilidade de gerenciar, visualizar e revogar consentimentos a qualquer tempo, por meio de interface de fácil acesso e em linguagem clara","devem garantir","Obrigação regulatória","Alta","Credenciador","","Interface de gerenciamento de consentimento — obrigação UX/produto"
"REG-Rbcb01-005","Resolução BCB nº 1/2020 — Open Finance","B1","Art. 10","10","Registro e compartilhamento de dados de consentimento no diretório","As instituições participantes do Open Finance devem registrar no diretório do Open Finance Brasil os dados de consentimento concedidos pelos usuários, mantendo os registros atualizados e acessíveis ao titular","devem registrar","Obrigação regulatória","Alta","Credenciador","","Diretório Open Finance — obrigação de registro e atualização de consentimentos"
"REG-BCBCADOC-001","BCB — CADOC 6334 Credenciadores (Doc. BCB)","B8","Seção 1 — Introdução","3","Obrigação de envio do CADOC 6334 pelas credenciadoras autorizadas pelo BCB","O objetivo deste documento é servir como material de referência para os responsáveis pela elaboração e envio das informações referentes aos cartões de pagamentos, definidas pela Instrução Normativa BCB nº 247, de 24 de março de 2022. Instituição não autorizada a funcionar pelo BCB NÃO deve enviar o documento ou solicitar dispensa de envio.","deve enviar","Obrigação regulatória","Crítica","Credenciador","","Base: Instrução Normativa BCB nº 247/2022 — código do documento: 6334, sistema: STA"
"REG-BCBCADOC-002","BCB — CADOC 6334 Credenciadores (Doc. BCB)","B8","Seção 2 — Especificações","4","Periodicidade trimestral com prazo no último dia útil do mês seguinte","Periodicidade da Remessa: trimestral; Data-limite para Remessa: último dia útil do mês subsequente ao fim do trimestre civil; Forma de Remessa: meio eletrônico; Sistema para Remessa: Sistema de Transferência de Arquivos (STA); Código ASPB034; Formato: TXT ISO 8859-1","último dia útil do mês subsequente ao fim do trimestre civil","Prazo","Crítica","Credenciador","","Datas de entrega: 31/01 (T4), 30/04 (T1), 31/07 (T2), 31/10 (T3) — último dia útil"
"REG-BCBCADOC-003","BCB — CADOC 6334 Credenciadores (Doc. BCB)","B8","Seção 3.1 — SEGMENTO","5","Definição e manutenção de código fixo para cada segmento de mercado","O credenciador deverá definir código para cada segmento de mercado utilizado para agrupar estabelecimentos. Deverá ser criado um código fixo para cada segmento ao longo do tempo. Caso haja mudança de critério, os segmentos maiores deverão receber novo código.","deverá definir; deverá ser criado","Obrigação regulatória","Alta","Credenciador","","Segmentação de MCC — código fixo ao longo da série histórica; mudança requer novo código"
"REG-BCBCADOC-004","BCB — CADOC 6334 Credenciadores (Doc. BCB)","B8","Seção 3.2 — RANKING","6","Reportar top-15 e bottom-200 estabelecimentos por segmento com ID estável","Para cada segmento informado, este arquivo apresenta informações referentes às transações efetuadas nos quinze estabelecimentos com maior volume financeiro e nos duzentos com menor volume. A identificação do estabelecimento deve ser única e válida para toda a série.","deve ser única e válida para toda a série","Requisito técnico","Alta","Credenciador","","Top-15 e bottom-200 por segmento — ID estável mesmo com mudança de razão social"
"REG-BCBCADOC-005","BCB — CADOC 6334 Credenciadores (Doc. BCB)","B8","Seção 3.3 — DESCONTO","8","Reportar MDR efetivo ponderado pelo volume financeiro","As tarifas de intercâmbio informadas devem ser as tarifas efetivamente cobradas nas operações do trimestre. O percentual das tarifas de intercâmbio deverá ser calculado pela média ponderada das tarifas pelo volume financeiro.","devem ser as tarifas efetivamente cobradas; deverá ser calculado pela média ponderada","Requisito técnico","Alta","Credenciador","","MDR efetivo — não nominal; ponderado por volume financeiro real das transações"
"REG-BCBCADOC-006","BCB — CADOC 6334 Credenciadores (Doc. BCB)","B8","Seção 4 — Envio","S/N","Procedimento de envio via STA com arquivos em ISO 8859-1 no formato BACEN.zip","O responsável deverá compactar os arquivos no formato ZIP. O formato dos arquivos texto deve ser o ISO 8859-1. Enviar o arquivo BACEN.zip via STA (ASPB034). Caso necessite alterar informações já encaminhadas, deverá corrigir os dados na cópia local e reencaminhar.","deverá compactar; deve ser ISO 8859-1; deverá reencaminhar","Requisito técnico","Alta","Credenciador","","Processo STA — BACEN.zip com 6+ arquivos TXT, encoding ISO 8859-1 obrigatório"
"REG-BCBCADOC-007","BCB — CADOC 6334 Credenciadores (Doc. BCB)","B8","Seção 5 — Validação","S/N","Somente considerado enviado após validação sem inconsistências","Após o recebimento do arquivo com conteúdo indicando ausência de inconsistências, os dados devem ser considerados como efetivamente enviados. Em caso de erros, o credenciador deverá corrigir o arquivo BACEN.ZIP e encaminhá-lo novamente.","devem ser considerados efetivamente enviados","Obrigação regulatória","Alta","Credenciador","","Monitorar validação no STA — dados sem aprovação não constam no reporte BCB"
"REG-BCBCADOC-008","BCB — CADOC 6334 Credenciadores (Doc. BCB)","B8","Seção 7 — Dispensa","S/N","Credenciadoras exclusivas devem solicitar dispensa do CADOC 6308 no CRD","Instituições autorizadas a funcionar pelo BCB que sejam apenas credenciadoras devem solicitar dispensa do documento 6308 e enviar os dados do documento 6334. Para tanto, devem acessar o Sistema de Controle de Remessa de Documentos (CRD).","devem solicitar dispensa; devem acessar o CRD","Obrigação regulatória","Alta","Credenciador","","iFood Pago como credenciador deve solicitar dispensa do 6308 e enviar apenas 6334"
"REG-BCBCADOC-009","BCB — CADOC 6334 Credenciadores (Doc. BCB)","B8","Seção 3 — Responsável","S/N","Informar diretor de SPB e dois técnicos responsáveis com contato institucional","Além do diretor de SPB, devem ser informados dois técnicos responsáveis pelas informações e um e-mail institucional. O campo diretor deve utilizar a expressão 'Diretor'.","devem ser informados","Obrigação regulatória","Média","Credenciador","","Ponto focal BCB — indicar diretor SPB e equipe técnica responsável pelo reporte"
"REG-BCBCADOC-010","BCB — CADOC 6334 Credenciadores (Doc. BCB)","B8","Seção 6.5 — FAQ","S/N","Ativo de cartão: portador com ao menos uma transação nos últimos 180 dias","'Ativo' deve ser o portador de cartão de pagamento que efetuou ao menos uma transação nos últimos 180 dias. Este conceito deve ser seguido independentemente do acompanhamento gerencial realizado pelo credenciador.","deve ser seguido independentemente do acompanhamento gerencial","Requisito técnico","Média","Credenciador","","Definição de cartão ativo (180 dias) — usar para reportar base ativa de portadores"
"REG-PCIDSS4-001","PCI-DSS v4.0 — Requisitos para Service Providers/Acquirers","B5","Req. 3.2.1","67","Proibição de armazenamento de SAD (Sensitive Authentication Data) após autorização","3.2.1: Account data storage is kept to a minimum. Storage of sensitive authentication data (SAD) after authorization is prohibited. The full contents of any track are not retained upon the completion of the authorization process.","is prohibited / not retained after authorization","Proibição","Crítica","Credenciador","","Proibição absoluta de SAD pós-autorização — PAN completo, CVV, PIN track não podem ser armazenados"
"REG-PCIDSS4-002","PCI-DSS v4.0 — Requisitos para Service Providers/Acquirers","B5","Req. 3.4.1","71","PAN armazenado deve ser protegido com criptografia forte ou tokenizado","3.4.1: PAN is rendered unreadable anywhere it is stored. Acceptable methods include: one-way hashes, truncation, index tokens, strong cryptography (AES-256). Alternatively, tokenization may be used.","must be rendered unreadable","Requisito técnico","Crítica","Credenciador","","Tokenização recomendada para PAN — reduz escopo PCI e risco de exposição de dados"
"REG-PCIDSS4-003","PCI-DSS v4.0 — Requisitos para Service Providers/Acquirers","B5","Req. 6.3.3","101","Patches de segurança críticos instalados em até 1 mês após lançamento","6.3.3: All system components are protected from known vulnerabilities by installing applicable security patches/updates. Critical patches must be installed within one month of release.","must be installed within one month","Prazo","Crítica","Credenciador","","Patch management formal — patches críticos em 30 dias, altos em 60 dias, outros em 90 dias"
"REG-PCIDSS4-004","PCI-DSS v4.0 — Requisitos para Service Providers/Acquirers","B5","Req. 6.4.2","104","WAF (Web Application Firewall) para proteção de aplicações web voltadas ao público","6.4.2: A web application firewall (WAF) is deployed in front of public-facing web applications to detect and prevent web-based attacks, and is actively running, kept up-to-date, and generating audit logs.","is deployed; is actively running","Requisito técnico","Alta","Credenciador","","WAF em produção — obrigatório para portais e APIs públicas do credenciador"
"REG-PCIDSS4-005","PCI-DSS v4.0 — Requisitos para Service Providers/Acquirers","B5","Req. 8.2.1","115","IDs únicos para todos os usuários — contas compartilhadas proibidas","8.2.1: All users are assigned a unique ID before allowing them to access system components or cardholder data. Shared, group, or generic IDs are not used to authenticate into system components.","unique ID; shared IDs are not used","Requisito técnico","Alta","Credenciador","","IDs individuais — contas genéricas/compartilhadas proibidas em sistemas de CHD"
"REG-PCIDSS4-006","PCI-DSS v4.0 — Requisitos para Service Providers/Acquirers","B5","Req. 8.3.6","118","MFA obrigatório para acesso não-console ao CDE","8.3.6: Multi-factor authentication (MFA) is implemented for all non-console access into the cardholder data environment (CDE) for personnel with administrative access.","MFA is implemented for all non-console access","Requisito técnico","Crítica","Credenciador","","MFA obrigatório para acesso administrativo ao CDE — TOTP, hardware token ou equivalente"
"REG-PCIDSS4-007","PCI-DSS v4.0 — Requisitos para Service Providers/Acquirers","B5","Req. 8.3.9","120","Senhas de acesso ao CDE devem ter no mínimo 12 caracteres","8.3.9: If passwords/passphrases are used as authentication factors to CDE, they meet a minimum length of at least 12 characters, or if the system does not support 12 characters, a minimum length of eight characters.","minimum length of at least 12 characters","Requisito técnico","Alta","Credenciador","","Política de senhas forte — 12 caracteres mínimos para acesso ao CDE"
"REG-PCIDSS4-008","PCI-DSS v4.0 — Requisitos para Service Providers/Acquirers","B5","Req. 10.2.1","143","Logging completo de acessos a CHD e ações administrativas","10.2.1: Audit logs capture all individual access to cardholder data; all actions taken by root or administrative users; access to all audit trails; invalid logical access attempts; creation and deletion of system-level objects.","audit logs capture all","Requisito técnico","Crítica","Credenciador","","Logging de CHD access — obrigatório e imutável; inclui acesso de admin e raiz"
"REG-PCIDSS4-009","PCI-DSS v4.0 — Requisitos para Service Providers/Acquirers","B5","Req. 10.5.1","147","Retenção de logs por 12 meses — 3 meses disponíveis imediatamente","10.5.1: Retain audit log history for at least 12 months, with at least the most recent three months available for immediate analysis.","retain audit log history for at least 12 months; three months available for immediate analysis","Prazo","Alta","Credenciador","","12 meses de logs totais, 3 meses online para análise imediata"
"REG-PCIDSS4-010","PCI-DSS v4.0 — Requisitos para Service Providers/Acquirers","B5","Req. 12.3.1","165","Risk analysis anual para requisitos PCI com flexibilidade de frequência","12.3.1: Each PCI DSS requirement that provides flexibility for how frequently it is performed is supported with a targeted risk analysis performed at least annually and documented.","performed at least annually","Prazo","Alta","Credenciador","","Risk analysis anual documentado — para cada req. PCI com flexibilidade de frequência"
"REG-PCIDSS4-011","PCI-DSS v4.0 — Requisitos para Service Providers/Acquirers","B5","Req. 12.10.1","172","Plano de Resposta a Incidentes (IRP) formal e pronto para ativação","12.10.1: An incident response plan exists and is ready to be activated in the event of a system breach. The plan includes: roles and responsibilities, response procedures, business recovery and continuity procedures, notification requirements, legal requirements.","exists and is ready to be activated","Obrigação regulatória","Crítica","Credenciador","","IRP para brechas de CHD — deve incluir notificação às bandeiras e ao BCB"
"REG-PCIDSS4-012","PCI-DSS v4.0 — Requisitos para Service Providers/Acquirers","B5","Appendix A2","190","Responsibility Matrix entre Service Provider e clientes — documentação obrigatória","A2.1: Service providers must maintain a documented list of PCI DSS requirements managed by the service provider and those managed by each of their customers. This Shared Responsibility Matrix must be reviewed and updated at least annually.","must maintain a documented list","Requisito técnico","Alta","Credenciador","","Responsibility Matrix — credenciador deve documentar divisão de responsabilidades com sub-adquirentes"
"REG-PCIDSS4-013","PCI-DSS v4.0 — Requisitos para Service Providers/Acquirers","B5","Req. 11.3.1","155","Testes de penetração externos e internos — ao menos anualmente","11.3.1: Internal penetration testing is performed: at least once every 12 months; after any significant infrastructure or application upgrade or change. 11.3.2: External penetration testing is performed at least once every 12 months.","at least once every 12 months","Prazo","Alta","Credenciador","","Pentest anual interno e externo — qualquer mudança significativa requer novo teste"
"REG-LGPD-001","Lei nº 13.709/2018 — LGPD","B4","Art. 6º","6","10 princípios LGPD aplicáveis ao tratamento de dados de portadores e merchants","As atividades de tratamento de dados pessoais deverão observar a boa-fé e os seguintes princípios: I - finalidade; II - adequação; III - necessidade; IV - livre acesso; V - qualidade; VI - transparência; VII - segurança; VIII - prevenção; IX - não discriminação; X - responsabilização e prestação de contas","deverão observar","Obrigação regulatória","Crítica","Credenciador","","10 princípios LGPD — aplicam-se ao tratamento de dados de portadores de cartão e estabelecimentos"
"REG-LGPD-002","Lei nº 13.709/2018 — LGPD","B4","Art. 7º, II","7","Base legal para dados de KYC: cumprimento de obrigação legal ou regulatória","O tratamento de dados pessoais somente poderá ser realizado: II - para o cumprimento de obrigação legal ou regulatória pelo controlador","para o cumprimento de obrigação legal ou regulatória","Obrigação regulatória","Alta","Credenciador","","Base legal principal para dados de KYC/PLD — obrigação regulatória BCB"
"REG-LGPD-003","Lei nº 13.709/2018 — LGPD","B4","Art. 11, II, d","11","Base legal para dados sensíveis: prevenção à fraude e autenticação","O tratamento de dados pessoais sensíveis somente poderá ocorrer quando indispensável para: d - prevenção à fraude e à segurança do titular, nos processos de identificação e autenticação de cadastro em sistemas eletrônicos","indispensável para prevenção à fraude","Obrigação regulatória","Alta","Credenciador","","Dados biométricos para antifraude e onboarding — base legal: prevenção à fraude"
"REG-LGPD-004","Lei nº 13.709/2018 — LGPD","B4","Art. 37","37","ROPA — registro de atividades de tratamento obrigatório para controladores","O controlador e o operador devem manter registro das operações de tratamento de dados pessoais que realizarem, especialmente quando baseado no legítimo interesse","devem manter registro","Obrigação regulatória","Alta","Credenciador","","ROPA (Record of Processing Activities) — credenciador como controlador de dados de portadores"
"REG-LGPD-005","Lei nº 13.709/2018 — LGPD","B4","Art. 41","41","Designação obrigatória de Encarregado de Dados (DPO)","O controlador deverá indicar encarregado pelo tratamento de dados pessoais. A atividade do encarregado consiste em: I - aceitar reclamações e comunicações dos titulares; II - prestar esclarecimentos; III - orientar os funcionários e contratados","deverá indicar","Obrigação regulatória","Alta","Credenciador","","DPO obrigatório para controladores — credenciador como controlador de CHD deve nomear DPO"
"REG-LGPD-006","Lei nº 13.709/2018 — LGPD","B4","Art. 46","46","Medidas de segurança técnica e administrativa para proteção de dados pessoais","Os agentes de tratamento devem adotar medidas de segurança, técnicas e administrativas aptas a proteger os dados pessoais de acessos não autorizados e de situações acidentais ou ilícitas de destruição, perda, alteração, comunicação ou qualquer forma de tratamento inadequado","devem adotar medidas de segurança","Obrigação regulatória","Crítica","Credenciador","","Segurança técnica e administrativa — complementa PCI-DSS e Res. CMN 4.893/2021"
"REG-LGPD-007","Lei nº 13.709/2018 — LGPD","B4","Art. 48","48","Notificação de incidente de dados pessoais à ANPD em prazo razoável","O controlador deverá comunicar à autoridade nacional e ao titular a ocorrência de incidente de segurança que possa acarretar risco ou dano relevante aos titulares, em prazo razoável conforme definido pela ANPD","deverá comunicar à autoridade nacional","Prazo","Crítica","Credenciador","","Notificação de data breach à ANPD — prazo: 3 dias úteis (Resolução CD/ANPD nº 15/2024)"
"REG-LGPD-008","Lei nº 13.709/2018 — LGPD","B4","Art. 49","49","Privacy by design — sistemas devem incorporar segurança e privacidade na arquitetura","Os sistemas utilizados para o tratamento de dados pessoais devem ser estruturados de forma a atender aos requisitos de segurança, aos padrões de boas práticas e de governança e aos princípios gerais previstos nesta Lei","devem ser estruturados","Requisito técnico","Alta","Credenciador","","Privacy by design — sistemas devem incorporar privacidade desde a arquitetura"
"REG-LGPD-009","Lei nº 13.709/2018 — LGPD","B4","Art. 50","50","Programa de governança em privacidade e código de boas práticas","Os controladores, individualmente ou por meio de associações, poderão formular regras de boas práticas e de governança que estabeleçam as condições de organização, regime de funcionamento, procedimentos, normas de segurança, padrões técnicos e mecanismos internos de supervisão","poderão formular; mecanismos internos de supervisão","Requisito técnico","Média","Credenciador","","Programa de privacidade — ANPD considera como fator de mitigação de risco em fiscalizações"
"REG-LGPD-010","Lei nº 13.709/2018 — LGPD","B4","Art. 38","38","DPIA/RIPD pode ser exigido pela ANPD para tratamentos de alto risco","A autoridade nacional poderá determinar ao controlador que elabore relatório de impacto à proteção de dados pessoais, referente a suas operações de tratamento, observados os segredos comercial e industrial","poderá determinar ao controlador que elabore","Requisito técnico","Alta","Credenciador","⚠️ Verificar","DPIA/RIPD — ANPD pode exigir para biometria e dados financeiros em massa de portadores"
"REG-LGPD-011","Lei nº 13.709/2018 — LGPD","B4","Art. 44","44","Responsabilidade civil do controlador por danos causados por violação da LGPD","O tratamento de dados pessoais será irregular quando não observar a legislação ou quando não fornecer a segurança que o titular pode esperar, causando danos, inclusive por: I - descumprimento das obrigações previstas nesta Lei; II - resultado de tratamento inadequado","causando danos","Sanção","Alta","Credenciador","","Responsabilidade civil objetiva do controlador — fundamento para indenizações a portadores"
